SS01115,$2a$10$VtoW4BL0oIuXVt0nIU8pZeulocM84wcjnprJb3i2wiHrs.N.PVlsu,莫　石磊,バク　セキライ,M,19870321,20150901,bakuskjp@gmail.com,東京都板橋区,080-1111-2222,1,1,1,0,2015-08-15 11:52:12.368,2015-08-15 11:52:12.344
SS01116,$2a$10$USAEKCMDCEyOf3jGDCZEhe7KT02yJTFSk7jinACgHzHTjS3R34mnC,志村　坂上,シムラ　サカウエ,M,19870321,20150901,bakuskjp@gmail.com,東京都板橋区,080-1111-2222,2,1,1,0,2015-08-15 22:14:21.332,2015-08-15 22:14:21.306
SS01117,$2a$10$5uaAHoBOCej67RSP320E..CXKj2iEU0BkbP3MOmK0TPMaJo4Rc3o.,莫　石磊,バク　セキライ,M,19870321,20150901,bakuskjp@gmail.com,東京都板橋区,080-1111-2222,1,1,1,0,2015-08-15 23:36:55.306,2015-08-15 23:36:55.283
SS01118,$2a$10$r7oC1BU/vqSYM7Gr9f01PeEX04oMytnd2PwM7lFzD1IcY0q8m9IDG,莫　石磊,バク　セキライ,M,19870321,20150901,bakuskjp@gmail.com,東京都板橋区,080-1111-2222,1,1,1,0,2015-08-15 23:36:57.246,2015-08-15 23:36:57.246
SS01119,$2a$10$WBwmVqY9AIMcSXYdXxgD4uOpsSjE3ExtITW2f9jCiVsLRGya3jV76,莫　石磊,バク　セキライ,M,19870321,20150901,bakuskjp@gmail.com,東京都板橋区,080-1111-2222,1,1,1,0,2015-08-15 23:36:58.475,2015-08-15 23:36:58.475
SS01120,$2a$10$fGh4NZVBuagL9oljGknXE.WIi3MDFxWqckC326zIYxKpEv/hBZLr2,莫　石磊,バク　セキライ,M,19870321,20150901,bakuskjp@gmail.com,東京都板橋区,080-1111-2222,1,1,1,0,2015-08-15 23:36:59.506,2015-08-15 23:36:59.506
SS01121,$2a$10$IM4Nfg7O3vIm5X/sVeYOIuuF.Fo/nHpcOKP5ff9vpGfe.IVrZ5wlq,莫　石磊,バク　セキライ,M,19870321,20150901,bakuskjp@gmail.com,東京都板橋区,080-1111-2222,1,1,1,0,2015-08-15 23:37:00.488,2015-08-15 23:37:00.488
SS01122,$2a$10$RInH1cl/qQwMt27AHWV6nudEy70jLMRMjrmwJlNvDfqDR5GTzJw16,莫　石磊,バク　セキライ,M,19870321,20150901,bakuskjp@gmail.com,東京都板橋区,080-1111-2222,1,1,1,0,2015-08-15 23:37:01.362,2015-08-15 23:37:01.362
SS01123,$2a$10$0sl4BPqNexkVwluFQD7C3egTWIBpKULy/diekaIAzL.rJXDyGlSty,莫　石磊,バク　セキライ,M,19870321,20150901,bakuskjp@gmail.com,東京都板橋区,080-1111-2222,1,1,1,0,2015-08-15 23:37:02.253,2015-08-15 23:37:02.253
SS01124,$2a$10$9MFGAd7r2m0EgpE5H0l4oeGBYEsEFhJsaAZKzX0l8a6mZDq/yc8fG,莫　石磊,バク　セキライ,M,19870321,20150901,bakuskjp@gmail.com,東京都板橋区,080-1111-2222,1,1,1,0,2015-08-15 23:37:03.084,2015-08-15 23:37:03.084
SS01125,$2a$10$Hy3vZQMOIH2yB2ECg8vMYOxqclt8t.8HHj5kSXyMXedJCE7p5sAc.,莫　石磊,バク　セキライ,M,19870321,20150901,bakuskjp@gmail.com,東京都板橋区,080-1111-2222,1,1,1,0,2015-08-15 23:37:03.871,2015-08-15 23:37:03.871
SS01126,$2a$10$c8msX8Ylq6P0biiE1jfXaO852Xz.v9i7I2v9VTk.YOB.I3c7Uh17u,莫　石磊,バク　セキライ,M,19870321,20150901,bakuskjp@gmail.com,東京都板橋区,080-1111-2222,1,1,1,0,2015-08-15 23:37:04.747,2015-08-15 23:37:04.747
SS01127,$2a$10$0ZrquQhG4SJr76TlRDeLmOeypaOqQowV1pouf3Z6Wf4yNxbpqPVgW,莫　石磊,バク　セキライ,M,19870321,20150901,bakuskjp@gmail.com,東京都板橋区,080-1111-2222,1,1,1,0,2015-08-15 23:37:05.761,2015-08-15 23:37:05.761
SS01128,$2a$10$WaBO8eJQ3WxoQFoxqITyp.LBZWvF28bMZAuRFA/9A/GvNJHTYCisK,莫　石磊,バク　セキライ,M,19870321,20150901,bakuskjp@gmail.com,東京都板橋区,080-1111-2222,1,1,1,0,2015-08-15 23:37:06.588,2015-08-15 23:37:06.588
SS01129,$2a$10$0gQEK7VMOdP24GQlznBF3.0VvNGKgHWI1ETzZbCyxV/877d42BHUO,莫　石磊,バク　セキライ,M,19870321,20150901,bakuskjp@gmail.com,東京都板橋区,080-1111-2222,1,1,1,0,2015-08-15 23:37:07.414,2015-08-15 23:37:07.414
SS01130,$2a$10$Gko2FdL43BV7quXAwPlm6eeh2iUt5/ifYAW03lrdY1ZQqSCbTLEJK,莫　石磊,バク　セキライ,M,19870321,20150901,bakuskjp@gmail.com,東京都板橋区,080-1111-2222,1,1,1,0,2015-08-15 23:37:08.294,2015-08-15 23:37:08.294
SS01131,$2a$10$q2HsbjYaWySGzC7mSrCJzu9vlSiBUHqRKJErMbqixcCVtNvYeP9Rq,莫　石磊,バク　セキライ,M,19870321,20150901,bakuskjp@gmail.com,東京都板橋区,080-1111-2222,1,1,1,0,2015-08-15 23:37:09.06,2015-08-15 23:37:09.06
SS01132,$2a$10$xwyKEJAYGy1N89ealH1bqeY.fTIPImXsRWKmtSdljt6.sJtHBcYE2,莫　石磊,バク　セキライ,M,19870321,20150901,bakuskjp@gmail.com,東京都板橋区,080-1111-2222,1,1,1,0,2015-08-15 23:37:10.039,2015-08-15 23:37:10.038
SS01133,$2a$10$.msLc1KTWTtC4piDiyRg6eUuXAHSrerpQ4D.O96ghEPAeaNnD.MLi,莫　石磊,バク　セキライ,M,19870321,20150901,bakuskjp@gmail.com,東京都板橋区,080-1111-2222,1,1,1,0,2015-08-15 23:37:10.86,2015-08-15 23:37:10.86
SS01134,$2a$10$nxFHWU4fdcIPqOXQEhNeMOtohhji3HEZeLF.hrwg/wo/ukosp9ySG,莫　石磊,バク　セキライ,M,19870321,20150901,bakuskjp@gmail.com,東京都板橋区,080-1111-2222,1,1,1,0,2015-08-15 23:37:11.694,2015-08-15 23:37:11.694
SS01135,$2a$10$T3IK896NTMCrAA6L0mrkluTjepBb9FxO1w03rsqXDtyrQgTfAfEvq,莫　石磊,バク　セキライ,M,19870321,20150901,bakuskjp@gmail.com,東京都板橋区,080-1111-2222,1,1,1,0,2015-08-15 23:37:12.543,2015-08-15 23:37:12.543
SS01136,$2a$10$rwXwAgkNiDF7WxbtqTdZGuOssRElPEhIuk0WN7leTaHM/K2za1PHC,莫　石磊,バク　セキライ,M,19870321,20150901,bakuskjp@gmail.com,東京都板橋区,080-1111-2222,1,1,1,0,2015-08-15 23:37:13.437,2015-08-15 23:37:13.437
SS01137,$2a$10$whBNInvDE17JSVZ4lgKHeuMoFFRYSBS4hjalNDf30chdCGHEF8IAi,莫　石磊,バク　セキライ,M,19870321,20150901,bakuskjp@gmail.com,東京都板橋区,080-1111-2222,1,1,1,0,2015-08-15 23:37:14.301,2015-08-15 23:37:14.301
SS01138,$2a$10$a5NbMxHU6V9a53fcrLJh/.a0DfvIr6QtG1wZ6MRSSGqh7D6XLDGOG,莫　石磊,バク　セキライ,M,19870321,20150901,bakuskjp@gmail.com,東京都板橋区,080-1111-2222,1,1,1,0,2015-08-15 23:37:15.118,2015-08-15 23:37:15.118
SS01139,$2a$10$PXfetV1FRu53Gqd57GSq0.GnfRiIdt63mUDJN31MsrsPbmM.Et6hW,莫　石磊,バク　セキライ,M,19870321,20150901,bakuskjp@gmail.com,東京都板橋区,080-1111-2222,1,1,1,0,2015-08-15 23:37:15.863,2015-08-15 23:37:15.863
SS01140,$2a$10$FuDHZpIeYdUSJKPSLvc80entbBPW2j9CSjs2ncz7ckIU6UaKb5w9W,莫　石磊,バク　セキライ,M,19870321,20150901,bakuskjp@gmail.com,東京都板橋区,080-1111-2222,1,1,1,0,2015-08-15 23:37:16.646,2015-08-15 23:37:16.646
SS01141,$2a$10$HgZvUvLG8QfazoNoBU1IsugosQquZXbpKbiV3I7/hmwAnxCIGvwP.,莫　石磊,バク　セキライ,M,19870321,20150901,bakuskjp@gmail.com,東京都板橋区,080-1111-2222,1,1,1,0,2015-08-15 23:37:17.495,2015-08-15 23:37:17.495
SS01142,$2a$10$f5qcmBYVkTUYn59PxorMjua1P/crLrSUlL9po.pOoVIlcp.fh6ImC,莫　石磊,バク　セキライ,M,19870321,20150901,bakuskjp@gmail.com,東京都板橋区,080-1111-2222,1,1,1,0,2015-08-15 23:37:18.351,2015-08-15 23:37:18.351
SS01143,$2a$10$Vam2qW7vyREw/BSwjU5A2.3mkmtJ38/G7GXP6lOvHGmLlFoqz9z0S,莫　石磊,バク　セキライ,M,19870321,20150901,bakuskjp@gmail.com,東京都板橋区,080-1111-2222,1,1,1,0,2015-08-15 23:37:22.434,2015-08-15 23:37:22.434
SS01144,$2a$10$PB5Q2YCj9/C8koQwm5mliOy5DaRIH7VI9Nm699tBLriwZZapUBoDu,莫　石磊,バク　セキライ,M,19870321,20150901,bakuskjp@gmail.com,東京都板橋区,080-1111-2222,1,1,1,0,2015-08-15 23:37:23.182,2015-08-15 23:37:23.182
SS01145,$2a$10$S7pqfRsyUlk8qQ4fQIdcsu1qM4m/a1lZSwJYRJIYwjAgPtCjA6ptO,莫　石磊,バク　セキライ,M,19870321,20150901,bakuskjp@gmail.com,東京都板橋区,080-1111-2222,1,1,1,0,2015-08-15 23:37:24.147,2015-08-15 23:37:24.147
SS01146,$2a$10$JbeOD402fIA5zxYJD9guVOLhphQrlWnVA/sPVvHvuKm9Vwe6/lr06,莫　石磊,バク　セキライ,M,19870321,20150901,bakuskjp@gmail.com,東京都板橋区,080-1111-2222,1,1,1,0,2015-08-15 23:37:25.054,2015-08-15 23:37:25.054
SS01147,$2a$10$uS5olH.S396c4C1zTtyleeifFVkbKFakrVA9svlqwtD9CafaZt0ve,莫　石磊,バク　セキライ,M,19870321,20150901,bakuskjp@gmail.com,東京都板橋区,080-1111-2222,1,1,1,0,2015-08-15 23:37:26.005,2015-08-15 23:37:26.005
SS01148,$2a$10$J7VjqZfjLwCl3rntjNvCxe/gFAqbPqYBq2vBStSw34TaAIbdsTPNe,莫　石磊,バク　セキライ,M,19870321,20150901,bakuskjp@gmail.com,東京都板橋区,080-1111-2222,1,1,1,0,2015-08-15 23:37:26.844,2015-08-15 23:37:26.844
SS01149,$2a$10$wSnnCsnR9KbbjiLXkb2BKeeu1uDejNPHl43C8HNPGH9PbIfK4nbku,莫　石磊,バク　セキライ,M,19870321,20150901,bakuskjp@gmail.com,東京都板橋区,080-1111-2222,1,1,1,0,2015-08-15 23:37:27.928,2015-08-15 23:37:27.928
SS01150,$2a$10$9pixFO6Y02.OjMWveZQPFucAGQZg3fvms8pu1UqLlVUftLaWX4jI2,志村　坂上,シムラ　サカウエ,M,19870321,20150901,bakuskjp@gmail.com,東京都板橋区,080-1111-2222,2,1,1,0,2015-08-16 02:15:04.074,2015-08-16 02:15:04.048
